run_no,spat_feed,juv-mort,time,BA,no_trees,tree_size,tree_size_SD
1,TRUE,0,0,45.84968614,416,34.32082944,15.02497587
2,TRUE,0,0,47.628307,417,34.90661362,15.36738641
3,TRUE,0.2,0,44.54094047,405,34.37138004,14.80698248
1,TRUE,0,1,45.6734779,413,33.78208171,15.50974817
4,TRUE,0.2,0,48.07448276,402,35.821562,15.48741574
3,TRUE,0.2,1,44.65134271,403,26.92816932,18.89925225
4,TRUE,0.2,1,47.61199744,398,23.46895965,20.40885007
2,TRUE,0,1,47.60276609,414,29.09777283,18.83560198
3,TRUE,0.2,2,44.40865439,399,25.84418255,19.14385653
1,TRUE,0,2,45.52096026,409,33.32840732,15.92028074
4,TRUE,0.2,2,47.00805656,394,22.13095419,20.27330006
3,TRUE,0.2,3,44.34798406,395,25.23448245,19.2924284
2,TRUE,0,2,47.48644015,410,28.1774342,19.16329253
4,TRUE,0.2,3,46.72444691,391,20.87734289,20.127939
1,TRUE,0,3,44.65497715,403,32.62250606,16.27037177
3,TRUE,0.2,4,44.42238573,394,24.81837078,19.32620608
2,TRUE,0,3,46.96710413,405,26.24126725,19.59432018
1,TRUE,0,4,44.14825435,398,31.97048851,16.63229808
4,TRUE,0.2,4,46.7695363,388,19.77365702,19.98681187
3,TRUE,0.2,5,44.2724948,392,24.04951136,19.35112656
1,TRUE,0,5,44.27750228,397,31.75166653,16.80541774
4,TRUE,0.2,5,46.86279837,386,18.83819502,19.78888105
2,TRUE,0,4,46.87359871,402,24.54365222,19.86912417
3,TRUE,0.2,6,43.86894233,388,23.48909291,19.32985326
1,TRUE,0,6,44.41869016,395,31.45454256,17.05010631
4,TRUE,0.2,6,45.40340975,377,17.74856643,19.35463778
2,TRUE,0,5,46.48065306,399,22.82079893,19.90300993
3,TRUE,0.2,7,43.42892254,383,23.07786827,19.31427982
1,TRUE,0,7,44.03443694,389,30.55902141,17.60575144
2,TRUE,0,6,45.57620107,396,21.01959337,19.57672202
3,TRUE,0.2,8,42.74619555,378,22.19684662,19.21240456
1,TRUE,0,8,43.31249976,386,29.56926308,17.81581744
4,TRUE,0.2,7,45.35448159,372,17.03607646,19.14532696
3,TRUE,0.2,9,42.71892236,376,21.55690653,19.17237648
2,TRUE,0,7,45.01557536,394,19.49281985,19.26039744
1,TRUE,0,9,42.94206002,383,28.67786484,18.08055178
4,TRUE,0.2,8,44.85684885,368,16.35968215,18.78810301
3,TRUE,0.2,10,42.70123229,372,21.0929202,19.16071316
3,TRUE,0.2,11,42.87601507,371,20.82474885,19.10413825
4,TRUE,0.2,9,44.3205498,365,15.77028589,18.41102094
2,TRUE,0,8,44.58828989,388,17.64860107,18.92055943
1,TRUE,0,10,42.88790631,381,27.79154352,18.39048067
3,TRUE,0.2,12,41.93427863,364,20.39039993,18.93516534
4,TRUE,0.2,10,44.52004956,364,15.24644589,18.14485087
3,TRUE,0.2,13,41.71175432,361,19.40276815,18.83281121
2,TRUE,0,9,43.70926236,384,15.60967292,18.1733851
1,TRUE,0,11,42.6515996,377,25.8037259,18.96487274
4,TRUE,0.2,11,44.38840025,360,14.98407831,17.95652009
1,TRUE,0,12,42.83041613,376,23.546587,19.3372006
2,TRUE,0,10,43.93203368,383,14.21357534,17.60550123
3,TRUE,0.2,14,40.91359695,355,18.32608831,18.593289
4,TRUE,0.2,12,43.96506515,355,14.5804768,17.66186563
1,TRUE,0,13,42.40055334,371,13.84287086,17.88051951
2,TRUE,0,11,43.55490822,379,12.49074791,16.6934312
3,TRUE,0.2,15,39.99277913,349,17.39616043,18.28753601
4,TRUE,0.2,13,43.6235218,352,14.07503616,17.37149901
1,TRUE,0,14,42.0498499,366,4.408408087,9.319868171
3,TRUE,0.2,16,39.26412665,344,16.65046829,18.00359236
4,TRUE,0.2,14,43.30873579,347,13.574275,17.09676285
2,TRUE,0,12,43.84041642,378,11.15686002,15.85393927
4,TRUE,0.2,15,42.78564308,342,13.27299726,16.84740587
3,TRUE,0.2,17,38.29784669,336,12.89998034,16.6760514
2,TRUE,0,13,43.09193763,373,4.497759468,9.142271435
4,TRUE,0.2,16,42.27551827,336,11.44306495,15.88769702
1,TRUE,0,15,42.3929752,359,3.610649703,7.447271685
3,TRUE,0.2,18,37.82294414,333,11.71215093,15.94739751
3,TRUE,0.2,19,37.86677852,332,11.55482684,15.76370886
2,TRUE,0,14,44.19514232,370,3.716606993,7.441556727
4,TRUE,0.2,17,41.82729919,333,10.61217931,15.25769012
4,TRUE,0.2,18,41.75170702,330,10.55517776,15.1072731
1,TRUE,0,16,43.67131518,357,3.711962054,7.335563148
3,TRUE,0.2,20,37.62456832,328,11.43527129,15.60223993
4,TRUE,0.2,19,40.66740659,324,9.558907887,14.26711212
2,TRUE,0,15,44.63540667,363,3.80268829,7.281971488
3,TRUE,0.2,21,36.92686486,324,11.17264396,15.2632333
4,TRUE,0.2,20,40.71279517,321,9.17410825,13.8897625
1,TRUE,0,17,43.24047201,352,3.807093504,7.179082028
3,TRUE,0.2,22,37.07466266,324,11.09023142,15.12373593
4,TRUE,0.2,21,40.332701,316,9.131585446,13.7173108
4,TRUE,0.2,22,39.40037206,312,9.076957864,13.44104294
3,TRUE,0.2,23,37.10020296,322,10.97441397,14.90324372
2,TRUE,0,16,44.0554142,355,3.740972194,6.851894877
4,TRUE,0.2,23,39.77622515,312,9.220804409,13.363736
1,TRUE,0,18,43.30982256,349,3.913102811,7.073623581
3,TRUE,0.2,24,37.27129322,321,10.86713357,14.69255199
4,TRUE,0.2,24,39.17543943,308,8.604261358,12.67243789
3,TRUE,0.2,25,37.00561322,313,10.73409788,14.4892043
4,TRUE,0.2,25,39.4199444,305,8.381363093,12.34174012
2,TRUE,0,17,44.83066775,353,3.765779175,6.628610877
4,TRUE,0.2,26,39.27472035,300,8.454640745,12.17884668
1,TRUE,0,19,43.25259216,345,4.011111895,6.946394792
3,TRUE,0.2,26,36.88098536,309,9.704747939,13.74673529
4,TRUE,0.2,27,39.32620234,297,8.556800083,12.05527592
3,TRUE,0.2,27,36.91243927,305,9.336604168,13.35076726
3,TRUE,0.2,28,36.93707295,299,9.377641535,13.23170511
4,TRUE,0.2,28,39.61247817,296,8.662881408,11.94283692
2,TRUE,0,18,45.41282676,350,3.894673531,6.58148491
1,TRUE,0,20,43.30098466,342,4.113030752,6.836582693
3,TRUE,0.2,29,36.51023307,296,8.90622321,12.68625256
4,TRUE,0.2,29,39.91322775,294,8.299908183,11.55210702
3,TRUE,0.2,30,36.80846089,294,8.72618672,12.40340011
4,TRUE,0.2,30,40.46527026,294,8.156354409,11.30401602
1,TRUE,0,21,43.46374819,338,4.213745796,6.743078455
2,TRUE,0,19,45.8461809,347,4.025760508,6.542032188
3,TRUE,0.2,31,36.68852836,289,8.770841028,12.24095462
4,TRUE,0.2,31,40.61268811,289,8.229398838,11.17488828
3,TRUE,0.2,32,36.79010493,288,8.423039094,11.90428679
4,TRUE,0.2,32,40.63665001,287,8.265753357,11.08253959
2,TRUE,0,20,46.22784458,343,4.066421527,6.377405728
3,TRUE,0.2,33,36.37753657,284,8.169479346,11.56122191
1,TRUE,0,22,43.85043281,336,4.080575903,6.357015732
4,TRUE,0.2,33,40.08892567,282,8.26364863,10.91639633
3,TRUE,0.2,34,35.83727246,279,8.164037681,11.37338407
4,TRUE,0.2,34,39.5166627,276,8.23326252,10.72066315
4,TRUE,0.2,35,38.96609702,271,8.198097622,10.52162093
1,TRUE,0,23,44.85608528,333,4.086311693,6.043168763
3,TRUE,0.2,35,35.38040589,276,7.831652798,10.95211433
4,TRUE,0.2,36,38.98583228,269,8.221722729,10.41964611
2,TRUE,0,21,46.16812042,336,4.116301443,6.198684177
3,TRUE,0.2,36,35.3295896,273,7.69417313,10.73394952
4,TRUE,0.2,37,38.45957297,265,8.207866081,10.22988157
3,TRUE,0.2,37,35.48033596,270,7.766236947,10.67877854
4,TRUE,0.2,38,38.56925045,262,8.251492045,10.15892926
1,TRUE,0,24,46.45394299,332,4.230907816,5.941332857
3,TRUE,0.2,38,34.74549149,264,7.50964304,10.31388144
2,TRUE,0,22,46.9553001,335,4.244152107,6.16521123
4,TRUE,0.2,39,38.23360468,256,8.266782166,10.04036852
4,TRUE,0.2,40,38.00043736,252,7.862232755,9.718521441
3,TRUE,0.2,39,34.87405418,262,7.457258472,10.16335712
1,TRUE,0,25,47.66337627,330,4.359066952,5.812887267
4,TRUE,0.2,41,38.01588035,250,7.69473383,9.502449744
2,TRUE,0,23,48.06511505,333,4.442998231,6.116412457
3,TRUE,0.2,40,34.75538272,259,7.488673691,10.0346429
4,TRUE,0.2,42,38.4566214,248,7.853477307,9.43770922
3,TRUE,0.2,41,34.93536086,258,7.531812998,9.949468868
4,TRUE,0.2,43,38.46031398,246,7.717188459,9.179764915
3,TRUE,0.2,42,35.01248058,253,7.644276558,9.827043268
1,TRUE,0,26,48.85149028,325,4.490425395,5.695631834
2,TRUE,0,24,49.34973749,331,4.464411681,5.912734973
4,TRUE,0.2,44,39.19846043,246,7.759424832,9.083702044
3,TRUE,0.2,43,34.84160951,247,7.416562911,9.505419275
4,TRUE,0.2,45,39.69106467,418,7.902684774,9.000054587
3,TRUE,0.2,44,35.2957876,246,7.399035477,9.332706309
1,TRUE,0,27,49.8773642,321,4.291683927,5.271467489
4,TRUE,0.2,46,40.0225342,457,8.029347151,8.897309073
2,TRUE,0,25,50.54673653,328,4.474837158,5.692087403
4,TRUE,0.2,47,40.74860078,492,8.16961865,8.861135992
3,TRUE,0.2,45,35.50374865,326,7.512565365,9.232622186
4,TRUE,0.2,48,41.28657367,527,8.310560771,8.804868097
3,TRUE,0.2,46,35.72427473,347,7.652410359,9.132705155
1,TRUE,0,28,51.44699299,314,4.241946094,4.978754571
4,TRUE,0.2,49,41.97466743,562,8.452150268,8.757353394
3,TRUE,0.2,47,36.10423026,358,7.537539151,8.931723748
2,TRUE,0,26,51.85583883,324,4.560527565,5.543027351
3,TRUE,0.2,48,36.68102409,368,7.559758491,8.816798763
4,TRUE,0.2,50,42.55986271,596,8.589485864,8.705927746
5,TRUE,0.4,0,49.39191038,394,36.21769424,16.87987657
5,TRUE,0.4,1,49.38930971,392,27.45133409,20.90151542
3,TRUE,0.2,49,36.51116853,378,7.655588305,8.670745435
5,TRUE,0.4,2,48.99820709,384,26.30162661,21.15506688
5,TRUE,0.4,3,48.4775409,381,25.68804707,21.09632492
1,TRUE,0,29,53.81692504,312,4.425656034,4.930884607
5,TRUE,0.4,4,48.51082421,379,25.23597513,21.10919958
3,TRUE,0.2,50,36.94626965,387,7.808532922,8.609732282
2,TRUE,0,27,53.66912825,321,4.677572573,5.458678155
5,TRUE,0.4,5,48.02153086,375,24.76859984,21.05319031
6,TRUE,0.4,0,46.39919959,424,34.36095914,14.59378644
6,TRUE,0.4,1,45.53550709,418,27.96970287,18.27380559
5,TRUE,0.4,6,48.00016504,373,24.4874888,21.02878195
6,TRUE,0.4,2,44.8540346,413,26.97401951,18.45352907
5,TRUE,0.4,7,47.11536232,367,24.15811136,20.91144698
5,TRUE,0.4,8,46.43066979,363,24.02256025,20.75244339
6,TRUE,0.4,3,44.92869598,412,26.57790794,18.54247071
5,TRUE,0.4,9,46.04115956,358,24.0320104,20.70251881
5,TRUE,0.4,10,45.73768782,355,24.10881351,20.57727311
6,TRUE,0.4,4,45.02764042,411,26.07568999,18.65725918
5,TRUE,0.4,11,45.51614361,351,24.19266749,20.52926453
6,TRUE,0.4,5,44.35237372,406,25.72304547,18.58719969
5,TRUE,0.4,12,45.48700582,349,24.2630393,20.47296984
5,TRUE,0.4,13,44.27806962,343,23.99744488,20.29928826
1,TRUE,0,30,55.43276615,309,4.607010014,4.861326424
2,TRUE,0,28,55.67639162,321,4.44453242,5.120164452
6,TRUE,0.4,6,44.06127907,403,25.59793665,18.53377446
5,TRUE,0.4,14,43.7337279,338,23.96727128,20.24782275
6,TRUE,0.4,7,44.24085292,402,25.61991918,18.51659234
5,TRUE,0.4,15,43.68332349,336,24.07077702,20.22655238
6,TRUE,0.4,8,43.85991221,397,25.57795174,18.4851973
5,TRUE,0.4,16,43.23633495,331,24.07262728,20.19112235
5,TRUE,0.4,17,43.2296542,330,23.85969669,20.18145404
6,TRUE,0.4,9,43.65978097,393,25.56143414,18.48152433
6,TRUE,0.4,10,43.53813884,390,25.67946034,18.43549997
5,TRUE,0.4,18,42.74764303,324,23.66150186,20.18704337
6,TRUE,0.4,11,43.18483051,386,25.70173674,18.37982469
5,TRUE,0.4,19,41.6172897,319,23.61330292,19.94386122
6,TRUE,0.4,12,41.97201134,378,25.55880908,18.20459449
1,TRUE,0,31,57.72812567,308,4.644513072,4.744807245
5,TRUE,0.4,20,41.53251835,316,23.68233996,19.94351867
2,TRUE,0,29,58.09566014,319,4.442667296,4.94842273
6,TRUE,0.4,13,41.63272766,376,25.38814419,18.12677944
5,TRUE,0.4,21,41.09008868,313,23.75021968,19.8676173
5,TRUE,0.4,22,40.82130223,309,23.77305987,19.8598481
5,TRUE,0.4,23,40.32878991,304,23.68953231,19.80105495
6,TRUE,0.4,14,41.20203436,374,25.37883238,17.95845735
5,TRUE,0.4,24,40.21911453,302,23.77590719,19.72102685
6,TRUE,0.4,15,40.75165911,369,25.10055602,18.007894
5,TRUE,0.4,25,40.24004568,301,23.88708916,19.64392783
6,TRUE,0.4,16,40.40608226,365,25.00621918,18.0109311
5,TRUE,0.4,26,40.04195017,298,23.74472988,19.60774012
5,TRUE,0.4,27,39.46742731,295,23.72413903,19.41760367
6,TRUE,0.4,17,40.37078784,363,24.99421949,18.0041497
5,TRUE,0.4,28,39.39560293,293,23.84235451,19.36466286
1,TRUE,0,32,59.26586635,305,4.662100914,4.657842842
6,TRUE,0.4,18,39.43803649,359,24.61648916,17.86940274
5,TRUE,0.4,29,39.59272505,293,23.98744938,19.3070777
2,TRUE,0,30,60.27508238,317,4.684115751,4.956343308
6,TRUE,0.4,19,39.47702472,358,24.61226853,17.85167239
5,TRUE,0.4,30,39.7246613,292,23.8669127,19.31018746
5,TRUE,0.4,31,39.88967046,291,23.97575137,19.27539659
5,TRUE,0.4,32,39.92269044,290,24.01946981,19.2409857
6,TRUE,0.4,20,38.39813631,351,24.50844473,17.70977562
6,TRUE,0.4,21,38.11433627,345,24.37719114,17.79741873
5,TRUE,0.4,33,39.57445154,288,23.9466888,19.16277097
6,TRUE,0.4,22,37.55846326,339,24.16407259,17.80984635
5,TRUE,0.4,34,39.05756057,284,23.84804821,19.10118792
6,TRUE,0.4,23,37.77776484,339,24.31771028,17.74726567
5,TRUE,0.4,35,38.10165658,277,23.72932741,19.01450583
6,TRUE,0.4,24,37.80098468,337,24.38090536,17.72482147
5,TRUE,0.4,36,37.75533305,275,23.64669329,18.94252501
5,TRUE,0.4,37,36.85763816,271,23.45816315,18.73553188
1,TRUE,0,33,60.69405393,303,4.799751374,4.639529942
2,TRUE,0,31,61.91385671,313,4.875115563,4.922936207
6,TRUE,0.4,25,37.90910814,335,24.48437473,17.70378227
5,TRUE,0.4,38,36.93838422,271,23.37066264,18.71463628
6,TRUE,0.4,26,37.86845816,332,24.08083447,17.80123497
5,TRUE,0.4,39,37.01598728,271,23.31422621,18.69890385
6,TRUE,0.4,27,37.90975702,331,24.12535918,17.76641895
5,TRUE,0.4,40,37.09889634,271,23.43150563,18.65001322
6,TRUE,0.4,28,37.81042045,329,24.21144172,17.72411704
5,TRUE,0.4,41,36.98941299,269,23.50748473,18.62066801
5,TRUE,0.4,42,37.18347156,269,23.68924605,18.56334023
5,TRUE,0.4,43,36.98393736,265,23.75576061,18.53425286
5,TRUE,0.4,44,36.63360209,263,23.8133665,18.36848307
6,TRUE,0.4,29,37.52358479,324,23.93521727,17.76726591
6,TRUE,0.4,30,37.35165287,320,23.87944148,17.77355858
2,TRUE,0,32,62.56149336,308,4.986310857,4.867200365
5,TRUE,0.4,45,36.45582053,369,23.41131288,18.39438411
6,TRUE,0.4,31,37.21863947,317,23.91218224,17.732724
1,TRUE,0,34,61.85267298,300,4.835966042,4.570846189
5,TRUE,0.4,46,36.37802385,393,23.40044254,18.40116105
6,TRUE,0.4,32,37.15237769,316,23.51627239,17.76212436
5,TRUE,0.4,47,36.39620671,400,23.53174139,18.38386105
6,TRUE,0.4,33,36.70807756,311,23.47171056,17.75109913
6,TRUE,0.4,34,36.48187229,307,23.64227175,17.73822375
6,TRUE,0.4,35,35.92222035,302,23.59087414,17.65908972
5,TRUE,0.4,48,35.81948033,407,23.48607183,18.19562897
5,TRUE,0.4,49,35.81409902,413,23.48974635,18.14066218
5,TRUE,0.4,50,35.63742497,417,23.34620801,18.16039559
6,TRUE,0.4,36,35.72980338,299,23.60685539,17.64610623
7,TRUE,0.6,0,44.64108494,383,35.28167868,15.48154313
7,TRUE,0.6,1,44.22458167,379,35.13200769,15.62450642
6,TRUE,0.4,37,35.00005482,295,23.32506157,17.5188569
7,TRUE,0.6,2,43.97206854,376,35.20307878,15.56692807
6,TRUE,0.4,38,33.99388961,293,22.85957581,17.16409308
2,TRUE,0,33,63.67101222,305,4.908984548,4.733138594
7,TRUE,0.6,3,43.08679171,369,35.1064942,15.5798629
6,TRUE,0.4,39,33.99542887,292,22.92616198,17.11923525
1,TRUE,0,35,63.35247831,297,4.900983741,4.524609608
7,TRUE,0.6,4,42.75143405,365,35.17733006,15.56195321
6,TRUE,0.4,40,33.55389465,287,23.03830479,17.06662986
7,TRUE,0.6,5,42.46019667,361,35.26414936,15.56059887
6,TRUE,0.4,41,33.49231847,284,22.67377721,17.14882209
7,TRUE,0.6,6,42.31624632,360,35.20713867,15.52815086
6,TRUE,0.4,42,33.56287532,283,22.74201766,17.10616103
6,TRUE,0.4,43,33.37383332,281,22.8122933,17.01298182
7,TRUE,0.6,7,42.09878432,356,35.31841894,15.55726411
6,TRUE,0.4,44,32.90343663,276,22.81352108,16.94712439
7,TRUE,0.6,8,42.23448748,355,35.46498201,15.51165205
7,TRUE,0.6,9,40.94948795,349,35.37052826,15.04616584
6,TRUE,0.4,45,33.10215254,339,22.82132672,16.94354933
7,TRUE,0.6,10,40.75257276,345,35.51780439,15.02316852
6,TRUE,0.4,46,33.1799114,358,22.84990577,16.91477214
7,TRUE,0.6,11,40.18663523,339,35.60236039,14.98963276
7,TRUE,0.6,12,40.05110631,336,35.71393313,14.99414879
7,TRUE,0.6,13,39.65492699,333,35.69404851,14.9877743
7,TRUE,0.6,14,39.32089952,330,35.70573329,14.98426991
6,TRUE,0.4,47,33.39410972,368,23.00081575,16.863735
7,TRUE,0.6,15,38.51542606,322,35.77164028,15.00534438
2,TRUE,0,34,65.35630734,302,4.912731659,4.652289848
7,TRUE,0.6,16,37.7171581,318,35.64889543,14.86762214
6,TRUE,0.4,48,33.31763247,378,22.88700012,16.87286985
1,TRUE,0,36,64.88307781,296,5.042838452,4.535235418
6,TRUE,0.4,49,33.40148549,382,22.92988569,16.82818984
7,TRUE,0.6,17,37.74301823,317,35.74602275,14.82501554
7,TRUE,0.6,18,37.1337101,315,35.64009141,14.57369519
7,TRUE,0.6,19,36.7634075,312,35.63339026,14.56111266
6,TRUE,0.4,50,32.78650983,381,22.90498241,16.69081952
7,TRUE,0.6,20,36.34365818,307,35.72583334,14.56261213
7,TRUE,0.6,21,35.27084533,299,35.66138135,14.52204202
7,TRUE,0.6,22,34.87465807,297,35.63924407,14.33684054
8,TRUE,0.6,0,47.2253205,414,35.14034848,14.76105465
7,TRUE,0.6,23,34.33412735,296,35.55726798,13.90402117
8,TRUE,0.6,1,46.13173979,408,28.36159993,18.55149203
7,TRUE,0.6,24,34.20427783,292,35.75031694,13.91654577
8,TRUE,0.6,2,46.06429281,405,27.76134162,18.74515474
7,TRUE,0.6,25,33.38715322,288,35.60525429,13.73096416
8,TRUE,0.6,3,45.47736886,401,27.49862009,18.69292679
7,TRUE,0.6,26,33.2839951,286,35.69440004,13.70018685
7,TRUE,0.6,27,33.32398274,284,35.86860243,13.68011934
8,TRUE,0.6,4,45.14809953,396,27.5290002,18.65894528
7,TRUE,0.6,28,32.99914095,279,36.01621382,13.70991166
2,TRUE,0,35,66.85892371,299,5.039912144,4.63821469
8,TRUE,0.6,5,45.02113814,395,27.5962229,18.53241863
7,TRUE,0.6,29,32.59108791,275,36.07317813,13.65733326
8,TRUE,0.6,6,44.26494172,392,27.49107935,18.29993657
7,TRUE,0.6,30,32.7393886,275,36.18497225,13.60907589
1,TRUE,0,37,66.43477601,294,4.989886091,4.464921781
7,TRUE,0.6,31,32.57614398,272,36.32493226,13.55612973
8,TRUE,0.6,7,44.23561383,391,27.62403948,18.19491402
7,TRUE,0.6,32,32.42262449,269,36.44949989,13.56704851
7,TRUE,0.6,33,32.37315536,268,36.49983386,13.55127972
7,TRUE,0.6,34,32.16371681,266,36.5261719,13.53015849
7,TRUE,0.6,35,31.7656549,263,36.52005107,13.47495191
8,TRUE,0.6,8,43.95038735,388,27.7209432,18.08709103
7,TRUE,0.6,36,31.61243045,260,36.650233,13.48630261
7,TRUE,0.6,37,31.12059227,257,36.6353412,13.28498717
8,TRUE,0.6,9,43.92439554,386,27.81358067,18.04599741
7,TRUE,0.6,38,30.99308846,254,36.79800394,13.26313753
8,TRUE,0.6,10,43.31940116,381,27.78506758,17.96811893
8,TRUE,0.6,11,42.76290712,377,27.76452325,17.84868933
7,TRUE,0.6,39,30.3890277,249,36.78422494,13.29546946
8,TRUE,0.6,12,42.23018496,369,27.81407356,17.88167393
7,TRUE,0.6,40,29.89533375,246,36.72749038,13.19649548
8,TRUE,0.6,13,42.05415024,365,27.8901817,17.88532267
7,TRUE,0.6,41,29.71659761,243,36.84726639,13.21450945
7,TRUE,0.6,42,29.84893409,243,36.95639479,13.16757339
7,TRUE,0.6,43,29.914314,242,37.09672937,13.13887094
2,TRUE,0,36,68.32780621,295,5.138429869,4.611990232
7,TRUE,0.6,44,29.76547176,241,37.11263588,13.03941479
8,TRUE,0.6,14,41.39912826,360,27.88229176,17.79557265
7,TRUE,0.6,45,29.57373945,241,37.15372056,13.02552852
7,TRUE,0.6,46,29.42613824,240,37.16978589,12.92672502
8,TRUE,0.6,15,40.82325875,354,27.89488662,17.7952048
7,TRUE,0.6,47,29.55723334,241,37.2780168,12.88154832
1,TRUE,0,38,67.37834813,290,5.0001567,4.362347784
8,TRUE,0.6,16,40.5009957,350,27.95815527,17.77785023
7,TRUE,0.6,48,29.5294626,240,37.35438052,12.85378714
7,TRUE,0.6,49,29.59147241,239,37.49504413,12.82496941
8,TRUE,0.6,17,40.51390583,349,28.0223385,17.75264886
7,TRUE,0.6,50,29.38686847,236,37.60484361,12.85005954
8,TRUE,0.6,18,40.04312676,346,28.07822855,17.63361798
9,TRUE,0.8,0,47.15363401,412,34.93467117,15.40082498
8,TRUE,0.6,19,39.56157156,340,28.13197241,17.6450674
9,TRUE,0.8,1,47.36144893,412,32.59918091,17.12264201
9,TRUE,0.8,2,47.51043637,411,32.65906257,17.12459933
9,TRUE,0.8,3,47.28854016,409,32.70816643,17.02315666
8,TRUE,0.6,20,39.12437147,336,28.10490049,17.61587969
9,TRUE,0.8,4,46.57518972,405,32.68487316,16.82251848
8,TRUE,0.6,21,38.78907567,333,28.16051851,17.53505259
9,TRUE,0.8,5,46.06716856,402,32.68035247,16.66567768
2,TRUE,0,37,69.39515948,290,5.235857243,4.570344703
9,TRUE,0.8,6,44.54995006,397,32.51233252,16.1075406
8,TRUE,0.6,22,38.13602109,328,28.08185041,17.48045326
9,TRUE,0.8,7,43.52203937,388,32.50885196,16.02311513
8,TRUE,0.6,23,37.92958109,325,28.24383801,17.40435048
9,TRUE,0.8,8,43.64910047,387,32.63403592,15.98577121
9,TRUE,0.8,9,43.74680458,386,32.81602469,15.90280541
1,TRUE,0,39,68.90861515,289,5.139429761,4.369052673
8,TRUE,0.6,24,37.325702,319,28.26824598,17.36569231
9,TRUE,0.8,10,42.99089476,381,32.77346514,15.76374458
8,TRUE,0.6,25,37.42079122,318,28.44230888,17.30971266
9,TRUE,0.8,11,42.89239302,378,32.87893617,15.75351768
8,TRUE,0.6,26,37.48492702,316,28.58037847,17.28696761
9,TRUE,0.8,12,42.73516509,372,33.08355924,15.79330541
9,TRUE,0.8,13,42.16614033,366,33.10688584,15.8094876
8,TRUE,0.6,27,37.68043357,316,28.71824797,17.22643098
9,TRUE,0.8,14,42.03141236,365,33.11977001,15.7529218
8,TRUE,0.6,28,37.59410963,313,28.81623945,17.21748781
9,TRUE,0.8,15,41.87328628,363,33.15202553,15.73930241
8,TRUE,0.6,29,37.37526216,309,28.89687829,17.20101544
9,TRUE,0.8,16,41.47894461,359,33.16330081,15.74529395
8,TRUE,0.6,30,37.25484478,304,29.21688234,17.18928695
8,TRUE,0.6,31,37.07814046,300,29.4213949,17.1723817
8,TRUE,0.6,32,37.156912,300,29.49313072,17.12086456
9,TRUE,0.8,17,40.67792382,352,33.1256132,15.76168208
8,TRUE,0.6,33,36.07263474,292,29.32160321,17.08600001
2,TRUE,0,38,71.06728142,288,5.323092903,4.551411822
9,TRUE,0.8,18,40.43166472,350,33.12373912,15.7287596
8,TRUE,0.6,34,35.70484985,288,29.31373176,17.09393695
9,TRUE,0.8,19,39.98062846,344,33.28294501,15.70286688
8,TRUE,0.6,35,35.19908269,285,29.3014178,16.97724426
9,TRUE,0.8,20,39.67916969,341,33.29636677,15.69361063
1,TRUE,0,40,70.23797031,287,5.235064602,4.344696478
8,TRUE,0.6,36,34.60170145,281,29.32642214,16.87811701
9,TRUE,0.8,21,39.52924714,338,33.45428383,15.66080463
9,TRUE,0.8,22,39.42691671,335,33.56974891,15.65714416
8,TRUE,0.6,37,33.84855122,276,29.25692476,16.78572773
9,TRUE,0.8,23,38.60644593,326,33.64846069,15.658456
8,TRUE,0.6,38,33.5892075,274,29.41164218,16.7050514
9,TRUE,0.8,24,38.7868117,326,33.76932508,15.60339449
8,TRUE,0.6,39,32.73460749,271,29.26166429,16.36319524
9,TRUE,0.8,25,38.56697819,324,33.88161256,15.48161808
8,TRUE,0.6,40,32.00219559,266,29.15854631,16.23719408
9,TRUE,0.8,26,38.53979003,322,33.990658,15.46541116
8,TRUE,0.6,41,31.65710258,263,29.26255785,16.14992003
9,TRUE,0.8,27,38.21923254,317,34.09379597,15.50787899
8,TRUE,0.6,42,31.14197951,259,29.22454293,16.03684367
9,TRUE,0.8,28,37.9600107,311,34.29598486,15.54595049
9,TRUE,0.8,29,37.41256812,308,34.31060171,15.38857752
8,TRUE,0.6,43,31.31472208,259,29.36060288,15.98012004
2,TRUE,0,39,72.20683846,284,5.4100909,4.502297994
9,TRUE,0.8,30,36.73132425,305,34.2191485,15.15879629
8,TRUE,0.6,44,31.38614427,258,29.59686857,15.92065779
9,TRUE,0.8,31,36.38867219,301,34.27373099,15.15950127
8,TRUE,0.6,45,31.04363199,329,29.61714759,15.89697796
9,TRUE,0.8,32,35.41462083,294,34.17574946,15.11820508
8,TRUE,0.6,46,30.84931297,339,29.59454156,15.92014395
8,TRUE,0.6,47,30.49775825,342,29.57724177,15.7492855
9,TRUE,0.8,33,35.19195262,291,34.23889928,15.1153407
1,TRUE,0,41,71.52566564,284,5.375718441,4.3407506
9,TRUE,0.8,34,34.66535274,288,34.16262108,15.02633912
8,TRUE,0.6,48,30.22656187,339,29.53994044,15.70811232
9,TRUE,0.8,35,34.31853785,285,34.25846226,14.93045047
9,TRUE,0.8,36,33.62355552,280,34.17025146,14.92982812
8,TRUE,0.6,49,29.92677474,334,29.64428455,15.67820707
9,TRUE,0.8,37,33.07244431,275,34.14260203,14.98614292
8,TRUE,0.6,50,29.66014318,332,29.70754902,15.55565708
9,TRUE,0.8,38,32.54172795,271,34.114839,14.91559951
9,TRUE,0.8,39,32.11598478,265,34.23698852,14.96733765
10,TRUE,0.8,0,46.38407639,424,34.06604926,15.25617767
9,TRUE,0.8,40,31.27094074,261,34.13250615,14.60228288
10,TRUE,0.8,1,45.67189508,419,34.07214642,15.076794
10,TRUE,0.8,2,45.44733488,417,34.10166595,15.00314631
9,TRUE,0.8,41,30.95028382,258,34.12732843,14.62073068
10,TRUE,0.8,3,45.59150108,416,34.23103814,14.96662556
9,TRUE,0.8,42,30.92234684,256,34.26174608,14.59539198
2,TRUE,0,40,73.56987602,281,5.252950193,4.395509945
9,TRUE,0.8,43,30.89372143,255,34.42514226,14.50298577
10,TRUE,0.8,4,45.66689869,414,34.37254684,14.94495408
9,TRUE,0.8,44,30.81648036,253,34.52352463,14.4916358
10,TRUE,0.8,5,45.56535403,411,34.50668363,14.87333364
10,TRUE,0.8,6,45.39685065,406,34.69408348,14.84420077
9,TRUE,0.8,45,30.73896802,275,34.63769151,14.44446436
10,TRUE,0.8,7,44.85399233,400,34.81000484,14.70939485
10,TRUE,0.8,8,44.69556724,397,34.91481687,14.65488648
9,TRUE,0.8,46,30.53737648,276,34.67393665,14.38859974
9,TRUE,0.8,47,30.68098299,276,34.79043668,14.33728837
9,TRUE,0.8,48,30.82595388,276,34.90685373,14.28725328
9,TRUE,0.8,49,30.89380889,275,35.03628211,14.26130014
10,TRUE,0.8,9,44.49364704,392,35.09978415,14.61310796
1,TRUE,0,42,73.73910273,283,5.407237585,4.346836659
10,TRUE,0.8,10,44.50049946,388,35.32570157,14.58622103
9,TRUE,0.8,50,30.60632289,274,35.00956432,14.03916755
10,TRUE,0.8,11,44.41380705,385,35.47424878,14.51725313
11,TRUE,1,0,45.88261284,406,34.53756455,15.69976222
10,TRUE,0.8,12,43.79527827,380,35.51067117,14.3792908
11,TRUE,1,1,45.6727652,401,34.71323025,15.67162767
10,TRUE,0.8,13,42.43954554,374,35.31060231,14.08223376
11,TRUE,1,2,45.42844146,397,34.80914314,15.67523488
10,TRUE,0.8,14,42.13974739,368,35.48868766,14.10295827
10,TRUE,0.8,15,41.91947767,366,35.52455621,14.02310539
11,TRUE,1,3,45.43237813,395,34.92567744,15.65538182
10,TRUE,0.8,16,41.80144964,363,35.63833331,14.01662633
11,TRUE,1,4,43.74000568,385,34.79994348,15.35974531
10,TRUE,0.8,17,40.83706428,359,35.51064492,13.69919489
11,TRUE,1,5,43.43950571,382,34.85500601,15.27837643
10,TRUE,0.8,18,40.44526238,355,35.53770784,13.71199223
2,TRUE,0,41,74.85313618,278,5.218247285,4.298637846
10,TRUE,0.8,19,40.29262546,353,35.57730794,13.70832541
11,TRUE,1,6,43.11915786,377,35.00538783,15.20881224
10,TRUE,0.8,20,39.79413403,348,35.60785922,13.7256915
11,TRUE,1,7,42.78125173,372,35.11930891,15.20968415
10,TRUE,0.8,21,39.74508373,346,35.70718482,13.70850381
11,TRUE,1,8,42.87702368,371,35.23621429,15.17699701
11,TRUE,1,9,43.06547004,371,35.35052344,15.12397678
10,TRUE,0.8,22,39.28244291,342,35.70475074,13.71079147
11,TRUE,1,10,42.96808699,369,35.42804923,15.0963055
10,TRUE,0.8,23,39.4641383,342,35.81765277,13.66273889
11,TRUE,1,11,42.30465509,362,35.49980722,15.10482491
11,TRUE,1,12,42.46284044,361,35.66186056,15.04393816
10,TRUE,0.8,24,39.38601906,339,35.9585917,13.66109968
1,TRUE,0,43,75.86954132,281,5.612191361,4.383266648
11,TRUE,1,13,42.12327216,356,35.77499855,15.07108417
10,TRUE,0.8,25,39.33778237,335,36.1804067,13.65496046
11,TRUE,1,14,41.68262565,352,35.84249984,14.94927986
10,TRUE,0.8,26,39.43868674,334,36.3064967,13.62494682
11,TRUE,1,15,41.59449009,349,35.98290772,14.93801648
11,TRUE,1,16,40.49462483,345,35.75765651,14.70705047
11,TRUE,1,17,40.42458603,343,35.84745329,14.69638118
10,TRUE,0.8,27,38.18010783,329,36.07973957,13.27319006
10,TRUE,0.8,28,38.23447446,327,36.24208685,13.25105368
11,TRUE,1,18,40.19113404,341,35.87950903,14.62073592
10,TRUE,0.8,29,38.23908129,325,36.38267964,13.21821665
11,TRUE,1,19,40.25764882,341,35.9318705,14.57687371
11,TRUE,1,20,39.98540841,339,35.92254522,14.55336137
10,TRUE,0.8,30,38.04338709,321,36.55734422,13.14862135
11,TRUE,1,21,39.03527256,335,35.76904898,14.30430208
11,TRUE,1,22,38.69878995,333,35.73605856,14.24838591
10,TRUE,0.8,31,37.86768127,318,36.68005646,13.08045286
11,TRUE,1,23,38.19633199,328,35.78851953,14.22400588
10,TRUE,0.8,32,36.86904917,313,36.58610966,12.71058055
2,TRUE,0,42,77.61794351,277,5.556267576,4.369513703
11,TRUE,1,24,37.68336705,322,35.9443549,14.0885502
10,TRUE,0.8,33,36.56616454,309,36.66842681,12.7464393
11,TRUE,1,25,36.9440353,319,35.84435402,13.78954945
11,TRUE,1,26,35.4069911,314,35.57790835,13.04943554
10,TRUE,0.8,34,35.85398628,305,36.58536041,12.59293422
11,TRUE,1,27,35.1596667,311,35.65847279,12.97192305
10,TRUE,0.8,35,35.36323774,302,36.56073447,12.43197931
1,TRUE,0,44,77.38110848,274,5.911660579,4.380308927
11,TRUE,1,28,35.1377072,310,35.72807536,12.92442772
11,TRUE,1,29,35.09548576,308,35.83623965,12.92007009
10,TRUE,0.8,36,35.01998376,298,36.63239508,12.43631972
11,TRUE,1,30,34.71200296,304,35.89244617,12.88131542
10,TRUE,0.8,37,34.44286,294,36.58587434,12.38690213
11,TRUE,1,31,34.71086446,303,35.97183178,12.84412833
10,TRUE,0.8,38,34.23099242,291,36.66595435,12.39687036
10,TRUE,0.8,39,33.94074405,289,36.65858108,12.32063624
11,TRUE,1,32,34.51189406,300,36.05287546,12.85618488
10,TRUE,0.8,40,33.41329005,283,36.76146673,12.33807581
11,TRUE,1,33,32.77157804,293,35.71305477,12.20653693
10,TRUE,0.8,41,32.83389621,279,36.70021034,12.32260225
11,TRUE,1,34,32.66779411,291,35.78789544,12.20235581
10,TRUE,0.8,42,32.79855948,277,36.82614476,12.32006745
11,TRUE,1,35,31.82742785,285,35.70531601,12.13901671
10,TRUE,0.8,43,32.71916041,274,37.00976675,12.29002736
11,TRUE,1,36,31.01772377,279,35.63361883,12.0873823
10,TRUE,0.8,44,32.75737906,273,37.11594287,12.26887556
11,TRUE,1,37,30.90670365,277,35.70412253,12.09115229
10,TRUE,0.8,45,32.58017239,271,37.18031142,12.19381788
2,TRUE,0,43,79.43770281,275,5.831861338,4.442992383
11,TRUE,1,38,30.48159919,275,35.64486975,11.87685529
11,TRUE,1,39,30.54518935,275,35.69793514,11.84122472
10,TRUE,0.8,46,32.49782799,270,37.22544127,12.12903273
10,TRUE,0.8,47,32.50103834,268,37.38556578,12.11431836
10,TRUE,0.8,48,32.09356629,265,37.41424419,11.93752653
10,TRUE,0.8,49,32.13515157,264,37.52509973,11.91817335
11,TRUE,1,40,29.85027526,270,35.61627526,11.8095305
11,TRUE,1,41,29.43464222,266,35.65318981,11.75200214
10,TRUE,0.8,50,31.87290746,259,37.74183316,11.94858867
11,TRUE,1,42,29.11923994,263,35.68124805,11.70091279
1,TRUE,0,45,79.02708166,275,6.206669011,4.411563074
12,TRUE,1,0,45.20643052,411,34.22543849,15.14757365
12,TRUE,1,1,45.31969618,408,34.45351993,15.08689895
11,TRUE,1,43,29.13152022,261,35.84980717,11.67286203
12,TRUE,1,2,44.95526412,404,34.54490324,14.9606975
11,TRUE,1,44,29.19905037,260,35.97912083,11.65070828
11,TRUE,1,45,28.89710924,255,36.16456694,11.6330656
11,TRUE,1,46,28.79933857,253,36.2609189,11.61193039
11,TRUE,1,47,28.49885711,250,36.31002231,11.54826531
12,TRUE,1,3,44.32727555,397,34.61217071,14.96732914
11,TRUE,1,48,28.48771777,248,36.46491876,11.54232993
12,TRUE,1,4,44.24822794,394,34.743533,14.93926123
11,TRUE,1,49,28.29098111,246,36.52164192,11.43624714
12,TRUE,1,5,44.01282069,391,34.80570491,14.90517739
11,TRUE,1,50,28.1325601,244,36.57616236,11.42544673
12,TRUE,1,6,43.26156969,383,34.89023553,14.87426995
12,TRUE,1,7,43.29608198,380,35.0813941,14.84517882
13,FALSE,0,0,46.05862726,420,34.20302491,15.05954162
12,TRUE,1,8,43.09889298,377,35.17049857,14.79879136
12,TRUE,1,9,42.71366969,374,35.19121059,14.70051876
12,TRUE,1,10,42.20042481,370,35.25187802,14.48723597
13,FALSE,0,1,45.30850059,416,21.77373893,19.52632632
2,TRUE,0,44,81.43774278,274,6.060732927,4.515308201
12,TRUE,1,11,41.9025903,367,35.29633932,14.43195788
13,FALSE,0,2,45.08569042,412,20.28041507,19.41352303
12,TRUE,1,12,41.61069619,362,35.42143369,14.46571348
1,TRUE,0,46,80.73015325,280,6.245471976,4.4685926
12,TRUE,1,13,41.40096344,357,35.6290296,14.40577591
13,FALSE,0,3,44.96278169,407,18.43161592,19.17910121
12,TRUE,1,14,41.18906841,354,35.70660017,14.38357753
13,FALSE,0,4,44.37213996,400,16.56485019,18.70708161
12,TRUE,1,15,40.97449111,351,35.77000537,14.39579747
12,TRUE,1,16,41.0443613,351,35.82269536,14.35261008
12,TRUE,1,17,41.00201323,349,35.92946342,14.32914314
12,TRUE,1,18,40.49110079,345,35.94168692,14.24547996
13,FALSE,0,5,44.43563287,397,14.96643853,18.14518818
12,TRUE,1,19,40.09758674,344,35.87546421,14.05189352
12,TRUE,1,20,39.60993835,341,35.85375423,13.92325049
12,TRUE,1,21,39.62723432,340,35.93577596,13.89117069
13,FALSE,0,6,44.55688597,395,13.27467897,17.36884978
12,TRUE,1,22,38.75364634,335,35.86808404,13.66611735
12,TRUE,1,23,38.90448753,334,36.03273739,13.60439267
12,TRUE,1,24,38.68203195,329,36.2146731,13.6335688
13,FALSE,0,7,44.88981847,395,11.84255738,16.52708151
12,TRUE,1,25,38.39854562,326,36.256697,13.62118372
12,TRUE,1,26,38.0980252,323,36.32223862,13.52255
13,FALSE,0,8,45.02878993,394,10.49248601,15.56087493
12,TRUE,1,27,37.65669643,318,36.40510544,13.51973778
2,TRUE,0,45,82.49375639,335,6.501381228,4.656211589
1,TRUE,0,47,81.83119791,284,6.566322835,4.558940103
12,TRUE,1,28,37.54133281,316,36.49112877,13.46868706
12,TRUE,1,29,37.70930115,316,36.60115535,13.42111608
12,TRUE,1,30,37.67299826,314,36.72522282,13.38784193
13,FALSE,0,9,45.20079834,391,9.387705142,14.63995683
12,TRUE,1,31,37.71091467,313,36.82256804,13.36025175
12,TRUE,1,32,37.26559602,309,36.84717924,13.34908114
12,TRUE,1,33,36.4876797,305,36.73373275,13.19867972
13,FALSE,0,10,44.97585426,386,8.218144409,13.5098617
12,TRUE,1,34,36.2772876,302,36.81589494,13.20714499
13,FALSE,0,11,45.49362681,386,7.434208534,12.59926841
12,TRUE,1,35,36.26385252,301,36.88503461,13.18504339
12,TRUE,1,36,36.03573138,298,36.95857118,13.19534338
12,TRUE,1,37,35.48940479,293,37.01291373,13.13907554
12,TRUE,1,38,35.06104926,289,37.03070362,13.18345035
13,FALSE,0,12,45.43675187,383,6.744200919,11.65703407
12,TRUE,1,39,34.64627975,285,37.06096653,13.21825197
12,TRUE,1,40,34.1561585,282,36.99386929,13.19215506
1,TRUE,0,48,82.61130609,288,7.019153609,4.63091022
2,TRUE,0,46,83.74848896,359,6.863885992,4.764910889
12,TRUE,1,41,33.99843326,281,36.98848599,13.14422208
13,FALSE,0,13,45.24460157,379,4.367043428,8.438779577
12,TRUE,1,42,33.83282212,277,37.18525796,13.14593369
12,TRUE,1,43,33.92421942,276,37.33034362,13.10926405
12,TRUE,1,44,33.32074527,272,37.28702821,13.03277026
12,TRUE,1,45,32.20889865,265,37.24195268,12.68769117
13,FALSE,0,14,45.67028036,375,3.842168914,7.237367046
12,TRUE,1,46,32.2777686,264,37.3740083,12.66120057
12,TRUE,1,47,32.15642738,262,37.47886115,12.58732415
12,TRUE,1,48,31.46267,257,37.45475202,12.50134361
12,TRUE,1,49,31.2758002,256,37.45648267,12.36682424
12,TRUE,1,50,31.13508004,254,37.54300509,12.31431892
14,FALSE,0,0,47.23848145,417,34.96750505,14.83111149
14,FALSE,0,1,47.09411499,413,28.24331062,18.83028877
1,TRUE,0,49,83.33827217,290,7.099211284,4.735774467
13,FALSE,0,15,46.7031873,373,3.942504174,7.136722208
2,TRUE,0,47,83.83072319,382,7.146118364,4.802997027
14,FALSE,0,2,45.94397895,405,26.92619665,19.053403
14,FALSE,0,3,45.91507665,400,25.7930602,19.38376218
14,FALSE,0,4,46.14870048,400,24.16610071,19.61675166
14,FALSE,0,5,46.27396558,398,22.63704667,19.72960314
14,FALSE,0,6,45.99096481,392,20.6815442,19.71497641
13,FALSE,0,16,46.56774721,369,4.037354191,7.003468519
14,FALSE,0,7,46.01580265,390,18.88753293,19.47226266
14,FALSE,0,8,46.2281427,389,16.78338091,18.9825933
14,FALSE,0,9,46.16889897,385,14.99667781,18.35230171
1,TRUE,0,50,84.00445378,290,7.419286723,4.81661375
15,FALSE,0.2,0,45.4897509,407,34.79150452,14.5934859
14,FALSE,0,10,46.21779154,382,13.10568738,17.48081816
13,FALSE,0,17,46.93811912,365,3.992075232,6.698508832
2,TRUE,0,48,84.72948566,416,7.514940674,4.918532158
15,FALSE,0.2,1,45.42082848,403,33.10724762,16.09147924
14,FALSE,0,11,46.13738836,378,11.63521832,16.58278361
15,FALSE,0.2,2,45.36509402,402,32.87862597,16.20927335
15,FALSE,0.2,3,44.7131643,398,32.32493086,16.44418741
14,FALSE,0,12,45.94349431,374,10.2123858,15.52274519
15,FALSE,0.2,4,44.74120116,396,32.16570571,16.59629216
13,FALSE,0,18,47.66474036,363,4.00765236,6.49106076
15,FALSE,0.2,5,44.11661607,393,31.83290551,16.59800637
14,FALSE,0,13,46.06529261,372,7.724104492,13.40790552
15,FALSE,0.2,6,43.70486093,388,31.55016869,16.77541289
14,FALSE,0,14,45.72201814,368,6.434793362,11.87422749
15,FALSE,0.2,7,43.84099729,386,31.25282389,17.01701332
2,TRUE,0,49,85.30455736,447,7.868816452,5.024158522
15,FALSE,0.2,8,44.0526899,386,31.05231797,17.14378279
14,FALSE,0,15,45.78675339,364,5.7044839,10.80153037
13,FALSE,0,19,47.70631703,358,4.119082082,6.387570235
15,FALSE,0.2,9,43.8351865,381,30.58070315,17.48431292
15,FALSE,0.2,10,43.45897732,380,30.39758462,17.34143897
14,FALSE,0,16,46.22775102,362,5.304591172,10.07968362
15,FALSE,0.2,11,43.14130039,375,29.84705185,17.65557607
15,FALSE,0.2,12,42.80018794,372,29.53280426,17.69362017
13,FALSE,0,20,48.25154712,355,4.119976415,6.183502536
14,FALSE,0,17,46.29352387,359,5.01267098,9.454098577
2,TRUE,0,50,85.67264888,494,8.196984664,5.13771667
15,FALSE,0.2,13,42.59023119,369,19.21309811,19.32841604
16,FALSE,0.2,0,46.55503597,418,34.78452307,14.4371396
15,FALSE,0.2,14,41.98233311,365,15.92661019,18.51097056
16,FALSE,0.2,1,46.43168159,417,26.09957718,19.0052041
16,FALSE,0.2,2,46.28554809,413,25.20184898,19.17760536
15,FALSE,0.2,15,41.64857104,362,15.57551808,18.29815108
14,FALSE,0,18,46.33719671,355,4.829251226,8.975819601
15,FALSE,0.2,16,40.98097252,355,15.14738931,18.07314401
16,FALSE,0.2,3,46.33431395,410,24.16517338,19.35049722
15,FALSE,0.2,17,39.95146989,349,14.75641113,17.74010659
13,FALSE,0,21,49.12183601,352,4.147587283,6.028541016
16,FALSE,0.2,4,46.37826826,408,23.04597356,19.44356584
15,FALSE,0.2,18,39.37376533,346,12.71356167,16.77154692
16,FALSE,0.2,5,46.35125133,405,22.33757754,19.45648798
14,FALSE,0,19,46.44105465,352,4.716536326,8.582674283
15,FALSE,0.2,19,39.07433026,344,11.75060584,16.13924107
16,FALSE,0.2,6,46.2690527,403,21.72269381,19.39971175
15,FALSE,0.2,20,38.57403595,338,11.58323012,15.93761159
16,FALSE,0.2,7,46.25350899,400,21.17399912,19.3577811
14,FALSE,0,20,47.05423983,352,4.631643149,8.2464853
16,FALSE,0.2,8,46.12801097,397,20.8046517,19.2646536
15,FALSE,0.2,21,38.09082871,332,10.4060609,15.14484803
13,FALSE,0,22,50.00670128,350,4.253934442,5.970020425
16,FALSE,0.2,9,45.44403603,391,19.94022935,19.11237247
15,FALSE,0.2,22,37.26780654,323,9.796801422,14.61254817
16,FALSE,0.2,10,44.74142115,387,19.44721962,18.85342957
15,FALSE,0.2,23,37.28392412,320,9.800507215,14.43042908
15,FALSE,0.2,24,37.48731119,319,9.852196424,14.29134392
16,FALSE,0.2,11,44.62659164,384,18.82976839,18.70947014
14,FALSE,0,21,47.44870228,350,4.59462034,7.974941026
16,FALSE,0.2,12,43.89530459,379,18.07967877,18.43274475
13,FALSE,0,23,51.10363986,349,4.432645347,5.892831734
15,FALSE,0.2,25,37.66041333,316,9.156402377,13.67944267
16,FALSE,0.2,13,43.89480065,377,17.06221849,18.21586075
15,FALSE,0.2,26,37.12449993,313,8.808250077,13.13718051
16,FALSE,0.2,14,43.45357503,371,16.43633689,18.03351514
14,FALSE,0,22,47.90497918,347,4.568404036,7.733439807
16,FALSE,0.2,15,43.39064976,369,13.25464357,16.95071215
15,FALSE,0.2,27,36.7224536,308,8.855079005,12.92854707
16,FALSE,0.2,16,43.33978567,367,11.8809198,16.20430677
15,FALSE,0.2,28,36.62907044,303,8.884856135,12.7607456
13,FALSE,0,24,52.49124715,345,4.602679403,5.835019531
16,FALSE,0.2,17,43.14503858,363,11.72231945,16.01894624
15,FALSE,0.2,29,36.25924958,300,8.899423254,12.50869574
16,FALSE,0.2,18,43.3028873,363,11.66734118,15.88599886
14,FALSE,0,23,48.29355129,342,4.645960272,7.513719178
15,FALSE,0.2,30,36.2041043,296,8.948054692,12.35408655
16,FALSE,0.2,19,42.08181125,358,11.54059012,15.55416842
15,FALSE,0.2,31,36.4530514,294,8.969808879,12.20658742
16,FALSE,0.2,20,41.30426782,353,10.25674975,14.6742222
15,FALSE,0.2,32,36.62896126,293,8.982900085,12.10722615
13,FALSE,0,25,53.3903254,340,4.535748702,5.538935875
16,FALSE,0.2,21,41.02285754,349,9.803722307,14.25496372
14,FALSE,0,24,49.23280727,339,4.71815155,7.321169423
15,FALSE,0.2,33,36.57945648,292,8.4042769,11.61755366
16,FALSE,0.2,22,40.9325427,345,9.818095434,14.16090152
16,FALSE,0.2,23,41.29134308,345,9.250646256,13.63404228
15,FALSE,0.2,34,36.82326595,291,8.095484323,11.30773585
16,FALSE,0.2,24,41.53779979,343,8.977816751,13.26911015
15,FALSE,0.2,35,36.86307026,288,8.137360949,11.21736302
13,FALSE,0,26,54.99072609,334,4.533955947,5.320580264
14,FALSE,0,25,50.13382751,336,4.795858605,7.149075268
15,FALSE,0.2,36,36.94268893,287,8.200247197,11.12665869
16,FALSE,0.2,25,41.80928805,340,9.068802026,13.15991931
16,FALSE,0.2,26,41.8626961,337,9.148662279,13.03319263
15,FALSE,0.2,37,36.92178928,284,7.849974445,10.78379883
16,FALSE,0.2,27,41.54593205,332,9.123873951,12.80935467
14,FALSE,0,26,51.32309432,335,4.883147299,7.004926301
15,FALSE,0.2,38,37.05979391,281,7.648360561,10.53797817
13,FALSE,0,27,57.18620041,333,4.708107051,5.289797589
15,FALSE,0.2,39,36.98226357,278,7.705949973,10.44169795
16,FALSE,0.2,28,41.58535143,328,9.169120904,12.66850137
16,FALSE,0.2,29,41.98134803,327,9.257023725,12.56739016
15,FALSE,0.2,40,37.03127327,276,7.746982619,10.34235535
14,FALSE,0,27,51.54832975,329,4.488214607,6.335544496
16,FALSE,0.2,30,42.13149239,325,9.354109301,12.44977596
15,FALSE,0.2,41,36.9641209,273,7.784835742,10.23029998
16,FALSE,0.2,31,42.56592027,324,8.806021004,12.00031642
15,FALSE,0.2,42,37.14645318,271,7.917452563,10.11914674
16,FALSE,0.2,32,42.30777239,319,8.497371784,11.69142346
13,FALSE,0,28,58.9018045,332,4.580784476,5.015482892
15,FALSE,0.2,43,37.60014679,270,8.044139053,10.04211613
16,FALSE,0.2,33,42.41837175,317,8.573181956,11.61918915
14,FALSE,0,28,53.38059313,326,4.388335046,5.99674532
15,FALSE,0.2,44,37.76066474,265,8.147614071,9.938807921
16,FALSE,0.2,34,41.96614011,312,8.554843311,11.45244315
15,FALSE,0.2,45,38.21270987,285,7.862585156,9.659301649
16,FALSE,0.2,35,41.73820184,308,8.55939967,11.3291728
15,FALSE,0.2,46,38.46117308,286,7.781744786,9.447206542
13,FALSE,0,29,61.20602618,331,4.643087865,4.909556993
16,FALSE,0.2,36,40.72511032,302,8.536257537,11.08458843
14,FALSE,0,29,54.8230172,323,4.58668116,5.955708164
16,FALSE,0.2,37,40.71325129,300,8.172459237,10.76386929
15,FALSE,0.2,47,39.06411326,291,7.92882944,9.382916463
16,FALSE,0.2,38,40.10721758,293,7.945461435,10.45201207
15,FALSE,0.2,48,39.53240301,292,8.069328888,9.315236192
16,FALSE,0.2,39,40.20611956,290,8.012016284,10.37802399
15,FALSE,0.2,49,39.6848648,291,7.942782593,9.09818166
16,FALSE,0.2,40,40.54476341,290,7.819019594,10.17343457
13,FALSE,0,30,63.85239243,331,4.857421077,4.916727784
14,FALSE,0,30,56.2557344,323,4.829569058,6.010705341
15,FALSE,0.2,50,40.22799515,294,7.952728552,8.970979623
17,FALSE,0.4,0,45.95012327,422,34.39877269,14.26230377
16,FALSE,0.2,41,40.90870902,289,7.803941935,10.07408652
17,FALSE,0.4,1,46.12789377,421,30.42394274,17.1419043
17,FALSE,0.4,2,45.73429913,415,29.97264265,17.4018751
17,FALSE,0.4,3,45.83180037,412,29.41098479,17.73323288
17,FALSE,0.4,4,45.96368829,411,29.15010141,17.8586701
16,FALSE,0.2,42,40.42756196,281,7.868760133,9.871902428
17,FALSE,0.4,5,45.56954315,406,28.67005765,18.03496528
17,FALSE,0.4,6,44.69744878,402,28.4174176,17.88584013
17,FALSE,0.4,7,43.71838851,397,28.31870197,17.59518431
16,FALSE,0.2,43,40.40815833,277,7.999479579,9.75134397
17,FALSE,0.4,8,43.66638355,394,28.32130244,17.61680157
14,FALSE,0,31,57.21048253,321,5.046691151,6.017434411
17,FALSE,0.4,9,43.89165416,394,28.30237897,17.62095614
13,FALSE,0,31,66.16215885,330,4.887393412,4.828292563
17,FALSE,0.4,10,43.83003035,391,28.40440637,17.60077074
16,FALSE,0.2,44,40.98557136,276,8.152507994,9.700695891
17,FALSE,0.4,11,43.87654589,388,28.49773529,17.61132396
17,FALSE,0.4,12,43.38658446,384,28.48715061,17.52736278
17,FALSE,0.4,13,42.83539587,379,28.40309287,17.51598776
16,FALSE,0.2,45,41.58893505,388,7.927733373,9.479346087
17,FALSE,0.4,14,42.59809416,376,28.42127082,17.50521018
17,FALSE,0.4,15,41.71901005,369,28.34000741,17.43482816
17,FALSE,0.4,16,41.12807911,364,28.2916191,17.39304958
16,FALSE,0.2,46,41.6822181,413,7.847307359,9.259220337
17,FALSE,0.4,17,40.30679014,357,28.27227584,17.32399403
14,FALSE,0,32,57.72798354,319,5.122467806,5.933739632
17,FALSE,0.4,18,39.9951243,354,28.26043204,17.30161741
16,FALSE,0.2,47,42.13953973,436,7.985977717,9.1627793
17,FALSE,0.4,19,39.84937562,352,28.24136085,17.28543498
17,FALSE,0.4,20,39.21191265,347,28.23534061,17.19755587
13,FALSE,0,32,67.43294683,326,4.869284896,4.708801762
17,FALSE,0.4,21,39.21442445,346,27.90204528,17.33301004
16,FALSE,0.2,48,42.04067509,463,8.086303481,8.999600265
17,FALSE,0.4,22,38.86078099,341,27.97481503,17.33866278
17,FALSE,0.4,23,38.63386872,339,27.78251719,17.33099235
16,FALSE,0.2,49,42.61667445,483,8.229714057,8.930985618
17,FALSE,0.4,24,37.84460125,333,27.64003263,17.19254589
14,FALSE,0,33,58.77346788,318,4.939878813,5.71543908
17,FALSE,0.4,25,37.44839168,328,27.54286862,17.22824288
17,FALSE,0.4,26,37.23960736,325,27.59861801,17.17114138
16,FALSE,0.2,50,43.34009017,503,8.382372153,8.890340456
18,FALSE,0.4,0,47.27830999,409,34.9882686,15.749176
17,FALSE,0.4,27,37.36179481,324,27.76989885,17.13411212
18,FALSE,0.4,1,47.46297454,408,26.59201772,19.82999422
18,FALSE,0.4,2,47.34686031,405,25.65152905,19.96304723
17,FALSE,0.4,28,37.29832892,321,27.81941758,17.1404576
18,FALSE,0.4,3,46.82982601,402,24.99899099,19.91767035
17,FALSE,0.4,29,37.39750993,320,27.88308963,17.11970819
13,FALSE,0,33,69.00566468,323,4.975326249,4.671748664
18,FALSE,0.4,4,46.65593309,399,24.45665921,19.93892739
17,FALSE,0.4,30,37.39388728,318,27.46310317,17.31306069
17,FALSE,0.4,31,37.49163936,317,27.34776074,17.3726951
18,FALSE,0.4,5,45.58721875,395,24.0588148,19.68588655
17,FALSE,0.4,32,37.35772785,315,27.31549784,17.38118048
14,FALSE,0,34,59.8399793,316,4.910388985,5.580988644
17,FALSE,0.4,33,37.24590438,314,27.3864149,17.31160842
18,FALSE,0.4,6,45.13100173,390,23.67162241,19.63040178
18,FALSE,0.4,7,44.86587934,386,23.59507528,19.58017736
17,FALSE,0.4,34,37.11001247,312,27.39260274,17.32632485
18,FALSE,0.4,8,44.79886776,382,24.02018367,19.55025737
18,FALSE,0.4,9,44.58274827,377,24.24004901,19.53536012
17,FALSE,0.4,35,37.03907464,310,27.39847545,17.32600207
17,FALSE,0.4,36,36.7930432,308,27.07707338,17.36527034
18,FALSE,0.4,10,44.66620492,375,24.34130291,19.49824907
17,FALSE,0.4,37,35.82031274,303,26.66365248,17.2816562
17,FALSE,0.4,38,35.33229714,299,26.65357472,17.22001032
18,FALSE,0.4,11,44.37905716,371,24.54497594,19.4260272
17,FALSE,0.4,39,34.8366518,296,26.03865651,17.30898532
13,FALSE,0,34,70.37767825,318,5.066348009,4.630360514
18,FALSE,0.4,12,44.01593154,368,24.57653695,19.30991158
17,FALSE,0.4,40,34.55920724,294,25.90564383,17.28197294
18,FALSE,0.4,13,43.41979362,362,24.56135935,19.25061751
17,FALSE,0.4,41,34.43443302,292,25.79130772,17.29033114
14,FALSE,0,35,60.78703963,312,5.074163479,5.603724463
17,FALSE,0.4,42,34.15404771,289,25.60709386,17.27684461
18,FALSE,0.4,14,42.59457213,357,24.46121269,19.11721914
17,FALSE,0.4,43,33.84579913,286,25.52412213,17.20992829
18,FALSE,0.4,15,41.33451317,351,24.19845221,18.92448457
17,FALSE,0.4,44,33.78492632,284,25.60511981,17.16103032
17,FALSE,0.4,45,33.49334332,326,25.66329918,17.01715291
17,FALSE,0.4,46,33.3593017,335,25.36713326,17.10709267
18,FALSE,0.4,16,41.23301393,348,24.25820245,18.92105302
17,FALSE,0.4,47,33.01482837,338,25.32093985,17.0719201
17,FALSE,0.4,48,33.10570979,343,25.39303655,17.03960729
18,FALSE,0.4,17,40.83917202,346,24.04200359,18.82600411
18,FALSE,0.4,18,40.57056464,344,23.96514848,18.7598586
17,FALSE,0.4,49,33.22828069,352,25.45719124,17.04593974
17,FALSE,0.4,50,33.25851759,351,25.57413435,17.01780698
18,FALSE,0.4,19,40.63930926,343,24.02482239,18.72504857
14,FALSE,0,36,61.61301816,311,5.011829131,5.46024171
19,FALSE,0.6,0,44.77065203,418,33.8532588,14.76577434
18,FALSE,0.4,20,39.60197644,338,23.93490367,18.42337378
19,FALSE,0.6,1,44.28990628,415,30.25162866,17.05012931
13,FALSE,0,35,71.36545637,314,5.179865882,4.58421951
18,FALSE,0.4,21,38.47644823,333,23.74074679,18.14423066
19,FALSE,0.6,2,44.19121325,412,29.99090732,17.19524775
19,FALSE,0.6,3,43.02972175,408,29.736917,16.8628897
18,FALSE,0.4,22,38.56563783,333,23.5721723,18.1560144
19,FALSE,0.6,4,43.05809569,403,29.95857677,16.86652289
18,FALSE,0.4,23,38.41544914,331,23.53848372,18.05955101
19,FALSE,0.6,5,42.73039931,399,29.97695688,16.79356338
18,FALSE,0.4,24,38.11380881,327,23.62835536,18.01419315
19,FALSE,0.6,6,41.86597841,393,29.89937034,16.67436682
19,FALSE,0.6,7,40.70827849,388,29.73771383,16.36835667
19,FALSE,0.6,8,40.92442363,388,29.87173712,16.3108778
18,FALSE,0.4,25,37.70512319,323,23.55950418,17.93012891
14,FALSE,0,37,62.82974769,308,5.007407942,5.366733036
18,FALSE,0.4,26,37.78947308,321,23.68691992,17.90637323
19,FALSE,0.6,9,40.92658247,386,29.97394695,16.28369003
18,FALSE,0.4,27,37.62064602,320,23.82070384,17.75325764
19,FALSE,0.6,10,40.24444239,380,29.99848848,16.2005694
19,FALSE,0.6,11,40.02487854,374,30.13736165,16.23936486
19,FALSE,0.6,12,39.61841242,371,30.14365701,16.10863575
13,FALSE,0,36,72.94443065,311,5.304033857,4.576010407
18,FALSE,0.4,28,37.72108789,318,23.79026285,17.77019828
19,FALSE,0.6,13,39.20262186,366,30.16783355,16.10314823
19,FALSE,0.6,14,38.81300413,361,30.18846787,16.12977747
19,FALSE,0.6,15,38.24658737,358,30.16507295,15.98531412
18,FALSE,0.4,29,37.34268085,314,23.83681978,17.68511374
18,FALSE,0.4,30,36.9824278,310,23.80154528,17.6305402
19,FALSE,0.6,16,38.33428163,358,30.23457773,15.93735818
18,FALSE,0.4,31,36.33558619,304,23.42023067,17.5715438
19,FALSE,0.6,17,37.99783195,353,30.28706352,15.95604034
19,FALSE,0.6,18,37.84423592,349,30.39397361,15.96209605
18,FALSE,0.4,32,36.23491409,302,23.34310343,17.56059794
19,FALSE,0.6,19,37.85465968,348,30.46161659,15.93373062
14,FALSE,0,38,64.08205754,306,5.12715871,5.359542824
18,FALSE,0.4,33,36.33478317,302,23.46808858,17.50521851
19,FALSE,0.6,20,37.61452062,345,30.54425012,15.90516013
18,FALSE,0.4,34,36.29684779,300,23.36522403,17.52810483
19,FALSE,0.6,21,37.18968884,341,30.58712458,15.86367266
18,FALSE,0.4,35,36.01829709,296,23.25264802,17.53540415
19,FALSE,0.6,22,36.91767654,337,30.63603536,15.87192434
18,FALSE,0.4,36,35.86798391,294,23.27743683,17.49024644
18,FALSE,0.4,37,35.17364856,289,22.83373863,17.43292936
13,FALSE,0,37,74.26030533,308,5.431756155,4.567079223
18,FALSE,0.4,38,34.99050893,286,22.68191606,17.4204843
19,FALSE,0.6,23,37.02645413,335,30.80572163,15.84525696
19,FALSE,0.6,24,37.01733374,332,30.95493494,15.83633421
18,FALSE,0.4,39,34.82207057,284,22.75071612,17.38964952
19,FALSE,0.6,25,36.9568172,330,31.03813811,15.80744858
19,FALSE,0.6,26,36.2433042,324,30.98666257,15.75885123
18,FALSE,0.4,40,34.74041132,283,22.51853082,17.38005651
18,FALSE,0.4,41,34.23559641,278,22.28830282,17.33806823
19,FALSE,0.6,27,36.24142007,323,31.06838651,15.69630029
18,FALSE,0.4,42,34.31300601,276,22.26696505,17.33347179
14,FALSE,0,39,65.0937819,305,5.243232393,5.359499047
19,FALSE,0.6,28,36.16988402,321,31.150971,15.65960718
18,FALSE,0.4,43,33.96515282,273,22.23899763,17.21881645
19,FALSE,0.6,29,36.1931462,318,31.32232912,15.652604
18,FALSE,0.4,44,33.79373845,271,22.13755627,17.15101777
19,FALSE,0.6,30,36.38031146,318,31.45060952,15.59756422
18,FALSE,0.4,45,33.60095488,367,22.17251566,17.14128328
19,FALSE,0.6,31,36.05080782,315,31.47327102,15.50860151
19,FALSE,0.6,32,35.94308599,312,31.57168361,15.51089371
18,FALSE,0.4,46,33.80910445,391,22.31723002,17.0949477
13,FALSE,0,38,75.26874989,305,5.612975761,4.610809738
19,FALSE,0.6,33,35.94325803,310,31.68907866,15.4883878
18,FALSE,0.4,47,33.65569546,397,22.42106348,17.06724999
19,FALSE,0.6,34,35.26493124,305,31.62080617,15.41274445
19,FALSE,0.6,35,35.16715254,303,31.6813579,15.39889032
18,FALSE,0.4,48,33.62249688,407,22.55134968,17.04581282
19,FALSE,0.6,36,35.18015133,302,31.82377278,15.34440504
18,FALSE,0.4,49,33.69387426,410,22.66943468,16.98279941
18,FALSE,0.4,50,33.79872525,416,22.84857162,16.94949295
19,FALSE,0.6,37,34.55487783,298,31.79742204,15.24013714
20,FALSE,0.6,0,48.7222919,389,36.44471387,16.34002289
14,FALSE,0,40,65.91515794,303,5.067144687,5.166570821
19,FALSE,0.6,38,34.40399907,296,31.90253167,15.18935008
20,FALSE,0.6,1,47.83998482,385,31.63187606,19.06028611
20,FALSE,0.6,2,47.27074259,379,31.4068452,19.15255501
19,FALSE,0.6,39,34.27233576,295,31.97947407,15.10449035
20,FALSE,0.6,3,46.80632085,375,31.21733782,19.19388277
20,FALSE,0.6,4,46.63238153,371,31.32768215,19.20080507
20,FALSE,0.6,5,46.25043966,367,31.29153653,19.2111343
19,FALSE,0.6,40,34.16922465,293,32.10813835,15.06478912
20,FALSE,0.6,6,45.97637676,364,31.3519495,19.14545641
19,FALSE,0.6,41,32.96210448,287,31.9610102,14.73047257
19,FALSE,0.6,42,33.07263977,286,32.09763034,14.6989749
20,FALSE,0.6,7,45.70188534,361,31.39314986,19.11140339
19,FALSE,0.6,43,32.31550972,283,32.00429374,14.29673152
19,FALSE,0.6,44,32.49010175,283,32.12984191,14.2469383
20,FALSE,0.6,8,45.23366187,357,31.39359171,19.07663738
19,FALSE,0.6,45,32.24049419,317,32.29364061,14.19526851
13,FALSE,0,39,76.79813646,305,5.742355871,4.635481151
19,FALSE,0.6,46,31.82662459,324,32.27894824,14.06223683
20,FALSE,0.6,9,45.12740085,354,31.49855761,19.06998121
19,FALSE,0.6,47,31.96724481,325,32.44183356,14.01765678
20,FALSE,0.6,10,45.10591039,352,31.74434898,18.98349246
19,FALSE,0.6,48,32.04246231,324,32.5584411,13.98935668
14,FALSE,0,41,67.60186379,302,5.01893216,5.06020048
20,FALSE,0.6,11,43.60538528,349,31.5515746,18.34529612
19,FALSE,0.6,49,31.99423699,323,32.65393774,13.97670395
20,FALSE,0.6,12,43.25467762,347,31.61735579,18.20027036
19,FALSE,0.6,50,32.01098263,321,32.81380232,13.90686701
20,FALSE,0.6,13,43.07002713,345,31.64414347,18.1743766
20,FALSE,0.6,14,42.7374773,343,31.68398028,18.08850793
21,FALSE,0.8,0,45.09737546,418,33.75221176,15.32483166
20,FALSE,0.6,15,42.14364858,339,31.6178781,18.05145941
21,FALSE,0.8,1,44.49239433,416,31.07115991,16.82752445
21,FALSE,0.8,2,44.29701131,412,31.10520387,16.83780415
20,FALSE,0.6,16,41.87010463,336,31.64748123,18.03358333
21,FALSE,0.8,3,43.80696352,407,31.16112753,16.73469069
20,FALSE,0.6,17,41.80283473,335,31.75479219,17.96923631
21,FALSE,0.8,4,43.9265132,406,31.28255377,16.69419179
20,FALSE,0.6,18,41.19600657,331,31.74675862,17.90786166
21,FALSE,0.8,5,43.7649177,402,31.39755024,16.68011058
20,FALSE,0.6,19,41.0787606,329,31.93561565,17.84468239
21,FALSE,0.8,6,43.8088319,398,31.73625657,16.59988721
13,FALSE,0,40,78.00201258,303,5.609248147,4.606751453
20,FALSE,0.6,20,41.05716067,327,32.04261978,17.8257939
21,FALSE,0.8,7,43.82818608,396,31.8683728,16.54214599
21,FALSE,0.8,8,43.64863455,393,32.01487771,16.46115845
20,FALSE,0.6,21,40.75917102,326,32.08192699,17.67399345
14,FALSE,0,42,70.09575629,300,5.238978795,5.068771235
21,FALSE,0.8,9,43.02506724,388,32.0030725,16.37920678
20,FALSE,0.6,22,40.63723773,324,32.14146638,17.64883615
21,FALSE,0.8,10,43.18945488,387,32.21758368,16.29664491
20,FALSE,0.6,23,40.81466934,324,32.26627447,17.58704818
21,FALSE,0.8,11,41.74358712,381,32.0682916,15.80169403
21,FALSE,0.8,12,41.67232231,379,32.16246098,15.73603423
20,FALSE,0.6,24,40.00703273,320,32.16265587,17.41135753
21,FALSE,0.8,13,41.27200005,375,32.18837444,15.68530714
21,FALSE,0.8,14,41.00488465,370,32.2868327,15.71991043
20,FALSE,0.6,25,40.07935654,318,32.32142933,17.3897366
21,FALSE,0.8,15,40.89709082,368,32.33828713,15.70936311
20,FALSE,0.6,26,39.70045222,314,32.36869734,17.34492873
20,FALSE,0.6,27,39.32986332,312,32.42048503,17.19507318
21,FALSE,0.8,16,40.57640473,362,32.46135768,15.75003396
21,FALSE,0.8,17,40.47887877,361,32.48583011,15.70422235
20,FALSE,0.6,28,39.43965128,311,32.55461181,17.15661664
21,FALSE,0.8,18,40.51635203,360,32.57140068,15.6702505
13,FALSE,0,41,79.11293927,301,5.644871999,4.59724081
21,FALSE,0.8,19,39.64803902,355,32.49866761,15.44917364
20,FALSE,0.6,29,38.88964943,305,32.58224842,17.19387967
21,FALSE,0.8,20,39.37786252,351,32.56100049,15.46383111
20,FALSE,0.6,30,38.12236028,299,32.5752806,17.07472737
21,FALSE,0.8,21,39.28657189,347,32.72202881,15.46548202
20,FALSE,0.6,31,38.29350965,299,32.69967797,17.01439971
20,FALSE,0.6,32,37.6196891,297,32.59316154,16.73324228
20,FALSE,0.6,33,36.9034681,291,32.52632418,16.77277159
21,FALSE,0.8,22,38.77959753,344,32.66108218,15.37849749
14,FALSE,0,43,71.47626595,297,5.505662741,5.084139407
20,FALSE,0.6,34,35.69913918,284,32.33396038,16.62743795
21,FALSE,0.8,23,38.28777206,339,32.69387762,15.33077037
20,FALSE,0.6,35,35.59245029,282,32.46699067,16.59805355
21,FALSE,0.8,24,37.84496785,336,32.69512726,15.17521593
20,FALSE,0.6,36,35.49056309,279,32.58532552,16.60607815
21,FALSE,0.8,25,37.24787869,331,32.76140873,15.04892404
21,FALSE,0.8,26,37.24917702,328,32.92870227,15.04318529
21,FALSE,0.8,27,36.99362184,323,33.05552093,15.07230441
20,FALSE,0.6,37,35.46155084,278,32.64229898,16.58059493
21,FALSE,0.8,28,36.35137214,318,33.00835945,15.02683342
20,FALSE,0.6,38,35.45965411,277,32.86716452,16.49680442
20,FALSE,0.6,39,35.2592133,275,32.88032519,16.48450743
21,FALSE,0.8,29,36.33693364,316,33.13427328,14.9821483
20,FALSE,0.6,40,34.7377244,272,32.7948569,16.41652333
20,FALSE,0.6,41,34.66540187,270,32.86040034,16.4506932
21,FALSE,0.8,30,35.58788944,312,33.20262259,14.67131333
20,FALSE,0.6,42,34.57400226,267,32.98927529,16.46330921
21,FALSE,0.8,31,35.30653159,308,33.27537103,14.67578161
20,FALSE,0.6,43,34.11234688,263,33.01331059,16.37285051
21,FALSE,0.8,32,35.32939249,307,33.43839853,14.60079285
20,FALSE,0.6,44,33.64315637,259,33.11865778,16.23828397
21,FALSE,0.8,33,35.17523193,305,33.47976777,14.57724966
13,FALSE,0,42,80.67535833,299,6.141683249,4.750358681
21,FALSE,0.8,34,34.93883762,302,33.52674755,14.57130068
20,FALSE,0.6,45,33.7964382,295,33.24000676,16.18079999
21,FALSE,0.8,35,34.55916653,300,33.55847531,14.41117964
20,FALSE,0.6,46,33.95131428,307,33.36158001,16.12373378
21,FALSE,0.8,36,34.0943404,297,33.49322224,14.35943865
20,FALSE,0.6,47,33.94498445,308,33.49156605,16.11830548
21,FALSE,0.8,37,33.58644045,294,33.42740961,14.2452518
20,FALSE,0.6,48,33.81501728,308,33.6038059,15.99437894
20,FALSE,0.6,49,33.96044125,308,33.79833832,15.91036078
14,FALSE,0,44,73.36267094,295,5.578020389,5.080806599
21,FALSE,0.8,38,33.20383138,290,33.44220132,14.25557547
20,FALSE,0.6,50,33.77005885,305,33.8923735,15.89068602
21,FALSE,0.8,39,33.18751398,289,33.58403359,14.19041354
21,FALSE,0.8,40,33.13403966,288,33.62461812,14.16628911
22,FALSE,0.8,0,46.9623199,422,34.4111149,15.2699097
22,FALSE,0.8,1,46.48147693,418,32.5241461,16.60697608
22,FALSE,0.8,2,46.14773587,416,32.48469623,16.47848347
21,FALSE,0.8,41,32.48656398,284,33.53132345,14.05765517
22,FALSE,0.8,3,44.84568037,408,32.42081764,16.27828311
21,FALSE,0.8,42,32.38284254,281,33.65419508,14.06758999
22,FALSE,0.8,4,44.22730308,402,32.45690496,16.20778543
21,FALSE,0.8,43,32.30494995,278,33.81077316,14.03932138
22,FALSE,0.8,5,43.98153834,397,32.57759572,16.21741699
21,FALSE,0.8,44,32.36129388,277,33.92150589,14.01156341
22,FALSE,0.8,6,43.9130724,393,32.75285823,16.18995955
21,FALSE,0.8,45,32.39944931,302,34.02228758,13.98151073
21,FALSE,0.8,46,32.08951311,301,34.09842458,13.97019807
13,FALSE,0,43,81.84220616,296,6.443066992,4.789037277
22,FALSE,0.8,7,43.93260163,391,32.88506951,16.13787845
21,FALSE,0.8,47,31.46968348,297,34.07478485,13.72860644
22,FALSE,0.8,8,43.88400739,389,32.9840837,16.08979475
22,FALSE,0.8,9,43.21263242,383,33.03727826,15.94422998
21,FALSE,0.8,48,31.40269997,296,34.12806614,13.65695798
21,FALSE,0.8,49,31.23255686,293,34.25274281,13.58022145
22,FALSE,0.8,10,42.53849541,380,32.96225637,15.74672429
21,FALSE,0.8,50,31.15005656,290,34.4276291,13.52142241
22,FALSE,0.8,11,42.70260577,379,33.11181134,15.70120083
22,FALSE,0.8,12,42.90475496,379,33.23355209,15.64611307
23,FALSE,1,0,48.96871338,399,36.15814329,15.9892451
22,FALSE,0.8,13,42.53844704,377,33.19465416,15.57252572
14,FALSE,0,45,74.94409454,370,5.725073914,5.105708974
23,FALSE,1,1,48.6665633,396,36.19752206,15.96661044
22,FALSE,0.8,14,42.48944766,375,33.27879373,15.55824458
22,FALSE,0.8,15,41.67953225,367,33.28949559,15.57508257
22,FALSE,0.8,16,41.57035553,365,33.34397777,15.56620531
23,FALSE,1,2,48.59278835,394,36.29941568,15.90919197
23,FALSE,1,3,48.69909572,392,36.47569494,15.86621167
23,FALSE,1,4,48.37623631,387,36.60916904,15.86830676
22,FALSE,0.8,17,41.4143419,363,33.37989096,15.54880543
23,FALSE,1,5,48.5072128,386,36.74255271,15.82592689
23,FALSE,1,6,48.20747445,384,36.75942896,15.73565036
22,FALSE,0.8,18,41.07725879,361,33.35315931,15.47456833
22,FALSE,0.8,19,40.72580374,358,33.35763618,15.42951342
13,FALSE,0,44,83.11634386,294,6.372058516,4.856555167
22,FALSE,0.8,20,40.4156666,355,33.44063425,15.37367864
23,FALSE,1,7,47.54134674,378,36.79431225,15.74770042
23,FALSE,1,8,47.34839739,375,36.89792601,15.70398017
23,FALSE,1,9,47.03575144,371,37.00422211,15.66414611
22,FALSE,0.8,21,39.94434877,349,33.59474748,15.3411804
23,FALSE,1,10,46.15369246,367,36.90139619,15.49036295
22,FALSE,0.8,22,39.92040444,345,33.8265195,15.28660491
22,FALSE,0.8,23,39.65324783,342,33.8767349,15.24068431
23,FALSE,1,11,46.33578129,367,37.00974119,15.43551883
22,FALSE,0.8,24,39.24697636,338,33.9593938,15.08702397
23,FALSE,1,12,46.28077585,364,37.16780281,15.42265499
23,FALSE,1,13,45.92433998,361,37.1851835,15.40947385
23,FALSE,1,14,44.98805758,356,37.11662361,15.22510004
22,FALSE,0.8,25,39.10380372,337,33.9939285,14.96788911
22,FALSE,0.8,26,39.2433553,336,34.14028309,14.92748721
23,FALSE,1,15,43.68978182,350,36.95055149,14.98168137
22,FALSE,0.8,27,39.20535817,334,34.24809419,14.89494185
23,FALSE,1,16,43.72598889,349,37.05273868,14.92513921
14,FALSE,0,46,76.55505124,387,6.110733503,5.214870152
22,FALSE,0.8,28,39.09756646,332,34.32912737,14.84180051
23,FALSE,1,17,43.6331559,347,37.13816284,14.90676235
22,FALSE,0.8,29,39.12796099,331,34.41959152,14.8015731
23,FALSE,1,18,42.76185718,342,37.08531445,14.73427005
22,FALSE,0.8,30,39.30670995,331,34.61307839,14.70085196
23,FALSE,1,19,42.22176455,339,37.02483615,14.67601377
23,FALSE,1,20,41.84276599,336,37.02628074,14.66561589
22,FALSE,0.8,31,38.8750423,325,34.72394816,14.73163823
23,FALSE,1,21,41.35741094,332,37.04480615,14.63567404
22,FALSE,0.8,32,38.38750104,322,34.75908461,14.59689193
23,FALSE,1,22,40.45450064,329,36.88398937,14.33855546
23,FALSE,1,23,40.23898155,325,37.03159591,14.33580911
22,FALSE,0.8,33,38.02953536,318,34.81706941,14.57223672
13,FALSE,0,45,83.76671275,489,6.812809373,5.033362616
22,FALSE,0.8,34,37.37111139,315,34.72979709,14.36001417
23,FALSE,1,24,40.05506904,322,37.1518861,14.28310655
23,FALSE,1,25,40.22197705,322,37.25976732,14.23284988
22,FALSE,0.8,35,37.13721002,313,34.73492861,14.33158728
23,FALSE,1,26,40.30901896,320,37.46076925,14.17588542
22,FALSE,0.8,36,37.02030053,312,34.74891972,14.28949903
22,FALSE,0.8,37,36.67050432,311,34.6897255,14.11210185
23,FALSE,1,27,40.31461339,318,37.61683372,14.12614729
22,FALSE,0.8,38,35.97040852,307,34.59539399,13.98707007
23,FALSE,1,28,40.28024844,315,37.80597799,14.1162812
22,FALSE,0.8,39,35.98421571,306,34.67541924,13.95971527
14,FALSE,0,47,77.3425227,409,6.384205243,5.279242027
23,FALSE,1,29,40.21350042,313,37.90912141,14.11207932
22,FALSE,0.8,40,35.72981387,303,34.71075597,13.9769709
23,FALSE,1,30,39.99708154,309,38.07002855,14.11347448
22,FALSE,0.8,41,34.939737,297,34.67110673,13.88899769
23,FALSE,1,31,39.4086492,305,38.07729646,13.98870545
22,FALSE,0.8,42,33.94244577,290,34.65981589,13.73803652
23,FALSE,1,32,38.75867898,300,38.06408708,14.01914974
22,FALSE,0.8,43,33.47682021,286,34.6899089,13.61758171
22,FALSE,0.8,44,33.3700973,282,34.88876112,13.61811442
23,FALSE,1,33,38.56020811,298,38.09642151,14.02278593
23,FALSE,1,34,38.05937067,293,38.16861,14.05337136
23,FALSE,1,35,37.028109,288,38.02112415,13.85098774
22,FALSE,0.8,45,33.15325952,299,34.91117903,13.56586005
23,FALSE,1,36,36.95272769,286,38.13962288,13.81726934
13,FALSE,0,46,84.25607161,539,7.390917348,5.127016971
22,FALSE,0.8,46,33.15939141,299,35.05221345,13.55762067
23,FALSE,1,37,36.04769348,283,37.95887534,13.46732519
23,FALSE,1,38,35.88356334,280,38.08798057,13.47107503
22,FALSE,0.8,47,33.24457453,297,35.2715328,13.47371413
23,FALSE,1,39,34.51066397,273,37.90401274,13.16237432
22,FALSE,0.8,48,33.27456756,295,35.43274273,13.45737101
23,FALSE,1,40,33.60842736,269,37.72648492,12.95744013
22,FALSE,0.8,49,32.38633945,290,35.30266498,13.26878847
23,FALSE,1,41,33.47031084,267,37.79675899,12.95845321
22,FALSE,0.8,50,32.10627951,287,35.36222582,13.2019118
23,FALSE,1,42,33.34685848,265,37.87817127,12.95681067
23,FALSE,1,43,33.39059542,264,37.99346486,12.93479657
23,FALSE,1,44,33.09082467,261,38.06383539,12.87805826
24,FALSE,1,0,46.5971988,381,35.85821388,16.48945927
23,FALSE,1,45,33.01136303,260,38.11219973,12.8247614
14,FALSE,0,48,78.46137332,446,6.748037606,5.405599337
24,FALSE,1,1,46.12021089,380,35.82378246,16.20076422
23,FALSE,1,46,32.026505,255,37.99530429,12.4849922
24,FALSE,1,2,46.15743617,378,35.97702342,16.15210107
24,FALSE,1,3,46.34139467,378,36.08817217,16.09568819
23,FALSE,1,47,32.04985316,254,38.09962861,12.46604049
23,FALSE,1,48,31.99839754,251,38.3238095,12.44445635
24,FALSE,1,4,46.31341459,376,36.19898052,16.07537013
23,FALSE,1,49,31.74417323,249,38.35531895,12.3483501
24,FALSE,1,5,46.26815137,375,36.26275224,16.01368275
13,FALSE,0,47,84.43707938,600,7.791471176,5.18604646
24,FALSE,1,6,46.22025211,373,36.36999265,15.9824036
23,FALSE,1,50,31.77453793,248,38.46713248,12.32864774
24,FALSE,1,7,45.54310669,370,36.31414951,15.77897886
24,FALSE,1,8,45.00838417,366,36.35966913,15.62654073
24,FALSE,1,9,44.4006643,364,36.32339684,15.30190849
24,FALSE,1,10,43.90724911,359,36.40175253,15.2507475
24,FALSE,1,11,43.85047302,357,36.52097,15.18511921
24,FALSE,1,12,43.99699287,356,36.67520303,15.1303614
24,FALSE,1,13,43.77262492,354,36.69064631,15.12011083
14,FALSE,0,49,79.08720822,482,7.051440426,5.507183022
24,FALSE,1,14,43.59295121,351,36.7896936,15.10900478
24,FALSE,1,15,42.54251193,347,36.65013924,14.77148786
24,FALSE,1,16,42.30393468,344,36.73316579,14.72712269
13,FALSE,0,48,84.64246827,682,7.862816536,5.355722156
24,FALSE,1,17,42.36785442,344,36.78296629,14.68294132
24,FALSE,1,18,42.30605967,343,36.82334552,14.65926718
24,FALSE,1,19,41.94724351,339,36.88529341,14.67616098
24,FALSE,1,20,41.09006943,336,36.74641025,14.39390769
24,FALSE,1,21,40.38873088,332,36.6740674,14.29542281
24,FALSE,1,22,39.27291189,326,36.53702364,14.1180061
24,FALSE,1,23,38.93235716,321,36.66887053,14.14427383
24,FALSE,1,24,38.83261592,319,36.76444819,14.09757748
14,FALSE,0,50,79.68750907,538,7.284354987,5.484335987
24,FALSE,1,25,38.22649715,315,36.73090314,14.01393932
24,FALSE,1,26,37.56900876,311,36.66386885,13.93800156
13,FALSE,0,49,85.14789084,771,8.215728712,5.490771636
24,FALSE,1,27,36.62048997,305,36.64283689,13.6549796
24,FALSE,1,28,36.78198134,305,36.75246615,13.6069311
24,FALSE,1,29,36.46244058,302,36.79567549,13.55555324
24,FALSE,1,30,36.49641821,301,36.89426086,13.52891382
24,FALSE,1,31,35.85915499,297,36.83173257,13.45795774
24,FALSE,1,32,35.65783938,295,36.85486641,13.45917281
24,FALSE,1,33,35.37403372,290,37.04598255,13.4576608
24,FALSE,1,34,35.01887051,288,36.99898185,13.40419619
24,FALSE,1,35,34.30546914,283,36.93278306,13.41026778
24,FALSE,1,36,33.85813968,278,37.01304855,13.46057912
13,FALSE,0,50,85.41038735,905,8.752167528,5.566080869
24,FALSE,1,37,33.69343973,275,37.13562934,13.46832795
24,FALSE,1,38,33.42755174,271,37.26962323,13.48962616
24,FALSE,1,39,33.09739096,268,37.30488902,13.46252456
24,FALSE,1,40,32.4858865,264,37.26003296,13.37605745
24,FALSE,1,41,31.90201063,262,37.12141034,13.14531057
24,FALSE,1,42,32.04242893,262,37.22950427,13.09888051
24,FALSE,1,43,31.9647178,259,37.42146562,13.09474214
24,FALSE,1,44,31.5881832,256,37.42534357,13.0719088
24,FALSE,1,45,30.72091979,250,37.42767799,12.81509186
24,FALSE,1,46,30.7723664,249,37.55438929,12.79214024
24,FALSE,1,47,30.31934055,245,37.64839988,12.59786155
24,FALSE,1,48,30.28388387,244,37.71948854,12.56800438
24,FALSE,1,49,30.33945069,243,37.85251802,12.54252506
24,FALSE,1,50,30.2788119,241,37.98630958,12.53636943
